<?xml version="1.0" encoding="UTF-8"?>
<con:soapui-workspace name="Projects" cid="41e6e63e-7146-4d91-a5ae-7091071d51f9" soapui-version="6.0.0" xmlns:con="http://eviware.com/soapui/config">
  <con:settings/>
  <con:recentItemCollection>
    <con:moduleId>SoapUiNGModule</con:moduleId>
    <con:itemId>2417e70e-05fe-4745-a305-39634c239c7e</con:itemId>
    <con:itemId>0a0eb81b-8287-40f9-bd18-6faebc20a8f3</con:itemId>
    <con:itemId>913ff43b-7184-4797-b051-36de5dbf2571</con:itemId>
  </con:recentItemCollection>
  <con:recentItemCollection>
    <con:moduleId>ProjectsModule</con:moduleId>
    <con:itemId>3e6ef00c-0201-41dc-8252-890b11270be3</con:itemId>
    <con:itemId>e832fcd7-4bb3-4e27-a035-36e65ee10de7</con:itemId>
    <con:itemId>dabbde08-e6df-430f-a28c-1914e6e599fe</con:itemId>
    <con:itemId>95612d67-29f8-4f69-808d-d97e53a00298</con:itemId>
  </con:recentItemCollection>
  <con:navigatorNodeCollection>
    <con:rootNodeLabel>SoapUI</con:rootNodeLabel>
    <con:expandNodeState>
      <con:id>8f70997f-c64a-4bdc-8ce3-3a0dbdfaaa63</con:id>
      <con:expandState>false</con:expandState>
    </con:expandNodeState>
    <con:expandNodeState>
      <con:id>7a80dea0-5a06-4a06-bf45-8792a2b88444</con:id>
      <con:expandState>false</con:expandState>
    </con:expandNodeState>
    <con:expandNodeState>
      <con:id>86d94bb8-2772-4583-bbf4-19114e33d4a1</con:id>
      <con:expandState>true</con:expandState>
    </con:expandNodeState>
    <con:expandNodeState>
      <con:id>87f9cbb4-2165-4f99-ac1f-9da124dbf6d0</con:id>
      <con:expandState>true</con:expandState>
    </con:expandNodeState>
    <con:expandNodeState>
      <con:id>6a508f4d-0ff3-455c-a555-5ed4945abe05</con:id>
      <con:expandState>true</con:expandState>
    </con:expandNodeState>
    <con:expandNodeState>
      <con:id>3e914691-4df6-4f0b-9414-0a6bbb3433bb</con:id>
      <con:expandState>false</con:expandState>
    </con:expandNodeState>
    <con:expandNodeState>
      <con:id>c6aaa3b1-2329-4339-b434-30693d4d32f7</con:id>
      <con:expandState>false</con:expandState>
    </con:expandNodeState>
    <con:expandNodeState>
      <con:id>4c3934d5-fbbd-4704-aca9-848c4f75cfb1</con:id>
      <con:expandState>true</con:expandState>
    </con:expandNodeState>
    <con:expandNodeState>
      <con:id>0e928c2b-2184-436a-b5cb-846288863c94</con:id>
      <con:expandState>false</con:expandState>
    </con:expandNodeState>
    <con:expandNodeState>
      <con:id>e2b7cb84-263d-4c4f-9cf5-a24c09c887eb</con:id>
      <con:expandState>false</con:expandState>
    </con:expandNodeState>
    <con:expandNodeState>
      <con:id>aa48c082-b9d3-4ccd-ba5b-546ca752f5e4</con:id>
      <con:expandState>false</con:expandState>
    </con:expandNodeState>
    <con:expandNodeState>
      <con:id>b6ef1a7e-3806-4f3a-b231-8f553750d7bb</con:id>
      <con:expandState>true</con:expandState>
    </con:expandNodeState>
    <con:expandNodeState>
      <con:id>011e7d4b-68c0-476d-83bb-902e701882eb</con:id>
      <con:expandState>false</con:expandState>
    </con:expandNodeState>
    <con:expandNodeState>
      <con:id>924c17fe-f2c3-4f67-8b43-b12b99760076</con:id>
      <con:expandState>true</con:expandState>
    </con:expandNodeState>
    <con:expandNodeState>
      <con:id>6d006303-2e69-42ee-845e-0021903e4619</con:id>
      <con:expandState>true</con:expandState>
    </con:expandNodeState>
    <con:expandNodeState>
      <con:id>3e963cc3-e8e6-46e8-b75b-502a9299ce11</con:id>
      <con:expandState>true</con:expandState>
    </con:expandNodeState>
    <con:expandNodeState>
      <con:id>21163bcc-d79b-43c4-b47b-e9a9e4465539</con:id>
      <con:expandState>true</con:expandState>
    </con:expandNodeState>
    <con:expandNodeState>
      <con:id>fa5b070e-49dc-4439-ab6c-1439b26bf27e</con:id>
      <con:expandState>true</con:expandState>
    </con:expandNodeState>
    <con:expandNodeState>
      <con:id>80e72300-26e4-4ed7-9dd0-70508dea6e4e</con:id>
      <con:expandState>true</con:expandState>
    </con:expandNodeState>
    <con:expandNodeState>
      <con:id>37d6c15b-96e6-44f5-a842-1155cc0424e9</con:id>
      <con:expandState>true</con:expandState>
    </con:expandNodeState>
    <con:expandNodeState>
      <con:id>479e431d-7b4f-460b-b98c-fc5ccd90c893</con:id>
      <con:expandState>true</con:expandState>
    </con:expandNodeState>
    <con:expandNodeState>
      <con:id>a9e53359-5ba5-4124-b1e9-2b8cf89e84fa</con:id>
      <con:expandState>true</con:expandState>
    </con:expandNodeState>
    <con:expandNodeState>
      <con:id>78441527-271d-4161-8d69-ee5f14de1de3</con:id>
      <con:expandState>true</con:expandState>
    </con:expandNodeState>
    <con:expandNodeState>
      <con:id>2bc60e0e-9baf-4303-b3ee-8ef448a3d0aa</con:id>
      <con:expandState>true</con:expandState>
    </con:expandNodeState>
    <con:expandNodeState>
      <con:id>7b15d8f7-95b2-430f-be0c-ce38fb55318f</con:id>
      <con:expandState>true</con:expandState>
    </con:expandNodeState>
    <con:expandNodeState>
      <con:id>08d06f8e-f7a9-4ca1-a3d4-66de695bb7c7</con:id>
      <con:expandState>true</con:expandState>
    </con:expandNodeState>
    <con:expandNodeState>
      <con:id>78028b99-9b83-4ea7-97ce-703e16fe56bf</con:id>
      <con:expandState>true</con:expandState>
    </con:expandNodeState>
    <con:expandNodeState>
      <con:id>fc3cfb74-e41f-4a86-9308-2be383633755</con:id>
      <con:expandState>true</con:expandState>
    </con:expandNodeState>
    <con:expandNodeState>
      <con:id>032bc2de-4150-4b7f-b790-31f5f370a26d</con:id>
      <con:expandState>true</con:expandState>
    </con:expandNodeState>
    <con:expandNodeState>
      <con:id>4c241e8d-2cf3-4df7-b303-cf7e97f5dfbe</con:id>
      <con:expandState>true</con:expandState>
    </con:expandNodeState>
    <con:expandNodeState>
      <con:id>e8e64cf4-2c3d-4362-b976-623a821be73e</con:id>
      <con:expandState>false</con:expandState>
    </con:expandNodeState>
    <con:expandNodeState>
      <con:id>ab875c18-0dc1-437d-a23d-8e8578216934</con:id>
      <con:expandState>false</con:expandState>
    </con:expandNodeState>
    <con:expandNodeState>
      <con:id>61e04082-3ec6-4977-b3af-d6600f20ae9a</con:id>
      <con:expandState>false</con:expandState>
    </con:expandNodeState>
    <con:expandNodeState>
      <con:id>574cf3f6-8e98-48d7-86c8-27a4e2b63ab4</con:id>
      <con:expandState>true</con:expandState>
    </con:expandNodeState>
    <con:expandNodeState>
      <con:id>01518d1e-ecab-4cc7-9ed2-2f15c3a806a1</con:id>
      <con:expandState>true</con:expandState>
    </con:expandNodeState>
    <con:expandNodeState>
      <con:id>9a5e3a01-519a-446c-b609-bad219d7cd38</con:id>
      <con:expandState>true</con:expandState>
    </con:expandNodeState>
    <con:expandNodeState>
      <con:id>913ff43b-7184-4797-b051-36de5dbf2571</con:id>
      <con:expandState>true</con:expandState>
    </con:expandNodeState>
    <con:expandNodeState>
      <con:id>0a0eb81b-8287-40f9-bd18-6faebc20a8f3</con:id>
      <con:expandState>true</con:expandState>
    </con:expandNodeState>
  </con:navigatorNodeCollection>
  <con:navigatorNodeCollection>
    <con:rootNodeLabel>Secure</con:rootNodeLabel>
    <con:expandNodeState>
      <con:id>8f70997f-c64a-4bdc-8ce3-3a0dbdfaaa63</con:id>
      <con:expandState>false</con:expandState>
    </con:expandNodeState>
    <con:expandNodeState>
      <con:id>7a80dea0-5a06-4a06-bf45-8792a2b88444</con:id>
      <con:expandState>false</con:expandState>
    </con:expandNodeState>
    <con:expandNodeState>
      <con:id>c6aaa3b1-2329-4339-b434-30693d4d32f7</con:id>
      <con:expandState>false</con:expandState>
    </con:expandNodeState>
    <con:expandNodeState>
      <con:id>0e928c2b-2184-436a-b5cb-846288863c94</con:id>
      <con:expandState>false</con:expandState>
    </con:expandNodeState>
    <con:expandNodeState>
      <con:id>e2b7cb84-263d-4c4f-9cf5-a24c09c887eb</con:id>
      <con:expandState>false</con:expandState>
    </con:expandNodeState>
    <con:expandNodeState>
      <con:id>aa48c082-b9d3-4ccd-ba5b-546ca752f5e4</con:id>
      <con:expandState>false</con:expandState>
    </con:expandNodeState>
    <con:expandNodeState>
      <con:id>3e963cc3-e8e6-46e8-b75b-502a9299ce11</con:id>
      <con:expandState>false</con:expandState>
    </con:expandNodeState>
    <con:expandNodeState>
      <con:id>61e04082-3ec6-4977-b3af-d6600f20ae9a</con:id>
      <con:expandState>false</con:expandState>
    </con:expandNodeState>
  </con:navigatorNodeCollection>
  <con:navigatorNodeCollection>
    <con:rootNodeLabel>LoadUI</con:rootNodeLabel>
    <con:expandNodeState>
      <con:id>0e928c2b-2184-436a-b5cb-846288863c94</con:id>
      <con:expandState>false</con:expandState>
    </con:expandNodeState>
    <con:expandNodeState>
      <con:id>e2b7cb84-263d-4c4f-9cf5-a24c09c887eb</con:id>
      <con:expandState>false</con:expandState>
    </con:expandNodeState>
    <con:expandNodeState>
      <con:id>aa48c082-b9d3-4ccd-ba5b-546ca752f5e4</con:id>
      <con:expandState>false</con:expandState>
    </con:expandNodeState>
    <con:expandNodeState>
      <con:id>3e963cc3-e8e6-46e8-b75b-502a9299ce11</con:id>
      <con:expandState>false</con:expandState>
    </con:expandNodeState>
    <con:expandNodeState>
      <con:id>61e04082-3ec6-4977-b3af-d6600f20ae9a</con:id>
      <con:expandState>false</con:expandState>
    </con:expandNodeState>
  </con:navigatorNodeCollection>
  <con:navigatorNodeCollection>
    <con:rootNodeLabel>Projects</con:rootNodeLabel>
    <con:expandNodeState>
      <con:id>9a5e3a01-519a-446c-b609-bad219d7cd38</con:id>
      <con:expandState>true</con:expandState>
    </con:expandNodeState>
    <con:expandNodeState>
      <con:id>3e6ef00c-0201-41dc-8252-890b11270be3</con:id>
      <con:expandState>true</con:expandState>
    </con:expandNodeState>
    <con:expandNodeState>
      <con:id>a628f9a9-f745-4be3-a326-ba09c4519102</con:id>
      <con:expandState>true</con:expandState>
    </con:expandNodeState>
    <con:expandNodeState>
      <con:id>6cafccbb-26f4-4eb4-9dd1-1b48d9446630</con:id>
      <con:expandState>true</con:expandState>
    </con:expandNodeState>
    <con:expandNodeState>
      <con:id>e5cdd9ff-877e-4374-b82f-76a2c1629f92</con:id>
      <con:expandState>true</con:expandState>
    </con:expandNodeState>
  </con:navigatorNodeCollection>
  <con:navigatorNodeCollection>
    <con:rootNodeLabel>operations</con:rootNodeLabel>
    <con:expandNodeState>
      <con:id>9a5e3a01-519a-446c-b609-bad219d7cd38</con:id>
      <con:expandState>false</con:expandState>
    </con:expandNodeState>
  </con:navigatorNodeCollection>
  <con:dashboardTileCollection>
    <con:dashboardTiles>
      <con:dashboardTile tileId="7b49a429-1bc2-4de9-8655-c256db449b68" tileType="NEW_TEST"/>
      <con:dashboardTile tileId="17fac564-a69e-4c73-a5d6-3ad787ff8844" tileType="TEST_SUITE_STATUS">
        <con:settings xsi:type="con:TestStatusTileSettings" xmlns:xsi="http://www.w3.org/2001/XMLSchema-instance">
          <con:mode>
            <con:lastWeek>true</con:lastWeek>
          </con:mode>
          <con:filter>
            <con:failed>true</con:failed>
            <con:passed>true</con:passed>
            <con:unknown>true</con:unknown>
          </con:filter>
        </con:settings>
      </con:dashboardTile>
      <con:dashboardTile tileId="e464a53c-1af0-4a20-abc3-1c2c80c2825d" tileType="TEST_CASE_STATUS_TILE">
        <con:settings xsi:type="con:TestCaseStatusTileSettings" xmlns:xsi="http://www.w3.org/2001/XMLSchema-instance">
          <con:mode>
            <con:lastWeek>true</con:lastWeek>
          </con:mode>
          <con:filter>
            <con:failed>true</con:failed>
            <con:passed>true</con:passed>
            <con:unknown>true</con:unknown>
          </con:filter>
        </con:settings>
      </con:dashboardTile>
      <con:dashboardTile tileId="d33497b1-3dcf-4b1b-ae4b-924a7bede8ec" tileType="SECURE_TILE">
        <con:settings xsi:type="con:SecureTileSettings" xmlns:xsi="http://www.w3.org/2001/XMLSchema-instance">
          <con:mode>
            <con:lastWeek>true</con:lastWeek>
          </con:mode>
          <con:scan>All Scans</con:scan>
          <con:project>All Projects</con:project>
          <con:filter>
            <con:failed>true</con:failed>
            <con:passed>true</con:passed>
            <con:standby>true</con:standby>
          </con:filter>
        </con:settings>
      </con:dashboardTile>
      <con:dashboardTile tileId="064dac15-c885-457d-890d-af876641fab0" tileType="LOADUI_HISTORY_TILE">
        <con:settings xsi:type="con:LoadHistoryTileSettings" xmlns:xsi="http://www.w3.org/2001/XMLSchema-instance">
          <con:mode>
            <con:lastWeek>true</con:lastWeek>
          </con:mode>
          <con:project>All Projects</con:project>
          <con:filter>
            <con:avg>true</con:avg>
            <con:duration>true</con:duration>
            <con:failures>true</con:failures>
          </con:filter>
        </con:settings>
      </con:dashboardTile>
      <con:dashboardTile tileId="f17d627c-e0d3-4de8-946a-53c42d985c55" tileType="SERVICEV">
        <con:settings xsi:type="con:ServiceVTileSettings" xmlns:xsi="http://www.w3.org/2001/XMLSchema-instance">
          <con:tableSettings>
            <con:column>Name</con:column>
            <con:column>Status</con:column>
            <con:column>Location</con:column>
            <con:column>Port</con:column>
          </con:tableSettings>
          <con:searchSettings>
            <con:searchType>All</con:searchType>
          </con:searchSettings>
        </con:settings>
      </con:dashboardTile>
    </con:dashboardTiles>
    <con:recentDashboardTiles/>
  </con:dashboardTileCollection>
</con:soapui-workspace>